question,context,answer
Saan ang tagpuan?,"Bagaman pangkalahatang pinakakahuluganan nila ang kanilang mga sarili sa isang tagpuan sa Asya na napapangibabawan ng mga kalalakihan sa isang lipunang dumaan sa kolonyalismo at Katoliko, namumuhay ang mga Pilipinong kababaihan sa isang kulturang nakatuon ang pansin sa pamayanan, na ang mag-anak ang pangunahing bahagi ng lipunan.",sa Asya na napapangibabawan
Saang mga bansa pumupunta ang mga Pilipino nurses?,"Maraming umalis na mga nurses mula sa Pilipinas patungong ibang bansa. Ang mga bansang ito ay Inglatira, Germanya, Estados Unidos, at sa iba pa.","Ang mga bansang ito ay Inglatira, Germanya, Estados Unidos, at sa iba pa."
Ano ang pinakamalaking korporasyon sa bansa sa larangan ng renats?,"Ang NAPOCOR ay ang pinakamalaking korporasyon sa bansa sa larangan ng rentas, kahit may suliranin sa pagkakaroon ng kita nito. Nakapaglikha ng mga paratang na nadadawit ang kompanya sa pagsasagawa nang madalas ng mga katuusang labag sa batas, na nagdudulot ng mahinang pagkakaroon ng kita.",Ang NAPOCOR ay ang pinakamalaking korporasyon
Ano ang sukat ng tainga at anong kulay ng marka?,"May habang 13.5 sentimetro ang mga tainga na may mapuputing marka sa mga loob. Kapwa nagkakaroon ng maiikling maiitim na mga sungay ang mga lalaki at babae, na sumusunod sa hugis ng titik na V, kung ikukumpara sa hugis C na mga sungay ng Bubalus bubalis.",May habang 13.5 sentimetro ang mga tainga na may mapuputing marka sa mga loob.
Ilang ang populasyong ng tamaraw noong 1953?,"Noong mga unang panahon ng mga dekada ng 1900, nasa 10,000 mga indibidwal ang unang mga tayang bilang ng Bubalus mindorensis sa Mindoro. Makalipas ang may mga limampung taon pagkatapos, bumaba ang populasyon sa may mga sanlibong indibidwal. Noong 1953, kulang sa ang tinatayang nabubuhay pa.","Noong 1953, kulang sa ang tinatayang nabubuhay pa."
Ano ang hindi pwedeng hadlangan?,"Hindi siya maaaring humiling o hadlangan ang mga kagustuhan ng asawang lalaki. Dahil sa ganitong pananaw na pangkalinangan, nakadaranas ng mataas na antas ng pangaabuso sa loob ng tahanan ang mga kababaihang nasa mga pook na rural sa Pilipinas, kapag ihahambing sa mga nasa lugar ng kalunsuran.",ang mga kagustuhan ng asawang lalaki
Ano ang unang akdang pinta ni Amorsolo?,"Sa pagbalik niya sa Maynila ay nagbukas siya ng sariling estudyo at puminta nang puminta sa kapanahunan ng mga dekada ng 1920 at 1930. Ang Pagtatanim ng Palay (1922) ang unang mahalagang akdang-pinta niya, na lumitaw sa mga kartelon at mga babasahing pangturista, kaya't naging isa sa mga pinakakilalang larawan ng kapanahunan ng Pagsasamang-Yaman ng Pilipinas.",Ang Pagtatanim ng Palay
Sino ang pinanganak noong 1 Enero 1900 sa Yaotsu?,"Ipinanganak si Chiune Sugihara noong 1 Enero 1900, sa Yaotsu, isang rural na pook sa Prepekturang Gipu ng rehiyong Chūbu sa bansang Hapón, sa isang panggitnang-antas na ama, si Yoshimizu Sugihara, at Yatsu Sugihara, isang uring-samurai na ina. Ikalawa siya sa limang magkakapatid na laláki at iisang babae.",Ipinanganak si Chiune Sugihara
Sino ang itinadhanang kampeon?,Nagsimula ang tradisyon ng organisadong labanán ng ahedres noong ika-16 siglo. Inangkin ng pinakaunang opisyal na Kampeong Pangsandaigdigan ng Ahedres na si Wilhelm Steinitz ang kaniyang titulo noong 1886.,na si Wilhelm Steinitz ang kaniyang titulo noong 1886
Ano ang bihira sa isang babae?,"Sa mga pook na rural, bihira para sa isang babaeng Pilipino ang manatiling wala pang asawa. Hindi palagiang posible ang permanente o mahabang panahon ng katayuang pagkadalaga. Sa pamayanang etniko, kamakailan lamang naganap ang paghahanda ng sariling mga kasal ng mga mismong kalalakihan at kababaihan.",ang manatiling wala pang asawa
"Bakit sikat ang Boracay,sa anong dahilan?","Maraming mapupuntahang lugar para mag aliw, isa na dito ang Boracay. Sikat ang lugar na ito dahil sa maputing buhangin at kulay koral na kulay ng dagat.",Sikat ang lugar na ito dahil sa maputing buhangin at kulay koral na kulay ng dagat.
Saan ipinaubaya ang pilipinas?,"Nang matalo ang Espanya sa Digmaang Kastila-Amerikano noong 1898, ipinaubaya ang Pilipinas sa Estados Unidos ng Amerika. Ipinakilala ng Amerika ang pamamaraan ng edukasyong pampubliko, na naging sanhi ng pagbabago sa mga gampanin ng mga kababaihan sa lipunan. ",ipinaubaya ang Pilipinas sa Estados Unidos ng Amerika. 
Saan hindi pinapakita ng mga kababaihan sa kanayunan?,"Sa pakikipag-isang-dibdib, hindi ipinapakita ng mga kababaihan sa kanayunan ang kanilang mga damdamin sa kanilang mga asawang lalaki, partikular an ang nasa pamayanang may tribo, tiyak na ang mga paksang may kaugnayan sa pag-ibig at pakikipagtalik. Ganito ito dahil nakaugaliang itinuturing na pagaari ng asawang lalaki ang kaniyang asawang babae at ang lalaki ang nagpapasya hinggil sa katawan ng babae.",Sa pakikipag-isang-dibdib
Ilang tao ang pwede maglaro ng ahedres?,Ang ahedres ay isang nakalilibang at labanang laro para sa dalawang manlalaro. Kung minsang tinatawag na kanluraning ahedres o pandaigdigang ahedres upang maipagkaiba ito mula sa mga naunang uri o ibang kahalintulad ng larong ahedres.,sa dalawang manlalaro
Saan makikita ang larawan ng tamaraw?,Tinuturing na pambansang simbolo ng Pilipinas ang tamaraw. Makikita ang larawan ng tamaraw sa mga baryang Piso noong 1980 hanggang sa unang bahagi ng 1990.,sa mga baryang Piso noong 1980 hanggang sa unang bahagi ng 1990.
Saan nakatuon ang buhay ng isang Pilipina?,"Sa kalahatan, nakakakuha ng karangalan sa kanilang mga gawain ang babaeng Pilipino. Hindi nila nakikita ang mga sarili bilang kaiba sa kanilang mga gawain dahil gumagawa silang kasama, kasalamuha, at para sa kanilang mga mag-anak. Binibigyan ng ganitong kaisipang makamag-anak ang mga kababaihan ng damdamin ng may mataas na pagtingin ng iba at responsibilidad. Pangunahing nakatuon sa mag-anak at mga anak ang buhay ng isang Pilipina.",sa mag-anak at mga anak
Paano gumalang ang mga bata sa mga matatanda?,Ang pagmano sa kamay ng mga matatanda ay simbolo ng paggalang ng mga bata sa mga nakakatanda.,pagmano sa kamay ng mga matatanda
Saang bansa naging paborito si Amorsolo?,"Pinuntuhan si Amorsolo ng mga maimpluhong mga Pilipino na kabilang sina Luis Araneta, Antonia Araneta at Jorge B. Vargas. Naging paboritong artistang pansining din si Amorsolo ng mga opisyal ng Estados Unidos at ng mga turista sa Pilipinas. Dahil sa kaniyang kabantugan, nangailan si Amorsolo na kuhanan ng mga litrato ang kaniyang mga gawa para idikit sa mga pahina ng isang talalarawanan.",mga opisyal ng Estados Unidos
Ano ang tawag sa tamaraw noong 1979,"Noong 1979, may isang executive order ang pinirmahan upang makagawa ng isang komite para sa konserbasyon ng tamaraw. Ang tamaraw ay tinawag na ""source of national pride"" sa E.O. Ang Proyekto sa Konserbasyon ng Tamaraw ay ginawa rin noong 1979. Ang Organisasyon ay napasilang ng tamaraw na tinatawag na Kali noong 1999.","""source of national pride"" sa E.O."
Ano ang kulay ng dalawang piyesa?,"Ang mga piyesa ay nahahati sa Puti at Itim na mga piyesa. Ang bawat manlalaro ay tinatawag ayon sa kulay na kanilang napili at nag-uumpisang maglaro nang may labing-anim na piyesa. Ang mga ito'y nahahati sa isang hari, isang reyna, dalawang tore, dalawang obispo, dalawang kabalyero, at walong kawal. Nauunang tumira ang Puti.",sa Puti at Itim na mga piyesa
Saan kinakain ang kanin?,"Ang kanin ay isang pinakamahalagang pagkain sa Pilipinas. Ito ay kinakain sa almusal, tanghalian at hapunan. Minsan, ito ay kinakain kahit walang ulam.","Ito ay kinakain sa almusal, tanghalian at hapunan. Minsan, ito ay kinakain kahit walang ulam."
Magkano ang timbang ng mga babae?,Nasa pagitan ng 200 hanggang 300 kilogramo ang timbang ng mga babae. May madilim na pagkakayumanggi hanggang abuhing kulay ang mga nasa hustong gulang na mga tamaraw at mas mabuhok kaysa Bubalus bubalis. Maiikli at matipuno ang mga paa. May makikitang mga mapuputing mga marka sa mga ungguladong paa at sa loob ng mga pang-ibabang binti.,Nasa pagitan ng 200 hanggang 300 kilogramo ang timbang ng mga babae.
Anu ano ang kanilang mga karapatan?,"Mayroon silang karapatang magkaroon ng ari-arian, makilahok sa kalakalan at maaaring hiwalayan o diborsiyuhin ang asawang lalaki. Maaari rin silang maging pinuno ng nayon kung walang tagapagmanang lalaki sa katungkulan. Bago dumatingng manggagamot o mataas na babaeng pari at astrologa.","magkaroon ng ari-arian, makilahok sa kalakalan at maaaring hiwalayan o diborsiyuhin ang asawang lalaki. "
"Bakit na nalulong ang mga kabataan ngayon sa bawal na gamot,alkohol at Pagsusugal?","Dahil sa kulang ng gabay ng magulang, nakakalungkot isipin na karamihan ng mga kabataan ngayon ay nalulong sa bawal na gamot,alkohol at pagsusugal. ",Dahil sa kulang ng gabay ng magulang
Kailan nagsimula nag pagtatayo ng 31 gusali?,"Sa Mayo 2007, nakapagsimula sa pagtatayo ang mga 31 gusali ng pagdadausan sa Beijing. Namuhunan din ang pamahalaan ng Tsina sa pagsasaayos at pagtatayo ng mga anim na gusali ng pagdadausan sa labas ng Beijing gayundin ang 59 na sentro ng pagsasanay.",Sa Mayo 2007
Sino ang kampeon sa kasalukuyan?,"Si Magnus Carlsen ang Kampeon Pangsandaigdigan sa kasalukuyan. Nakagawa ng maiinam at mabalasik na mga pamamaraan (plano, estratehiya at taktika) ang mga dalubhasa tungkol sa mga sitwasyong panlabanan sa larong ahedres magmula noong isilangang ang laro.",Si Magnus Carlsen ang Kampeon Pangsandaigdigan sa kasalukuyan
Ano ang nangyayari sa ilan kapag natunaw?,Ang ilan ay parang elastiko at naglulubid kapag natunaw na mainam naman sa pizza at luto sa kuneho ng mga Welsh. Ang iba ay natutunaw ng di-pantay kung saan ang taba (grasa) ay humihiwalay.,ay parang elastiko at naglulubid
Ano ang latin na pangalan ng mas karaniwang lahi ng kalabaw?,"May anyong pangkaraniwan sa pamilyang kinabibilangan nito ang Bubalus mindorensis. May siksik, mabigat na kayarian, wangis-bakang katawan, apat na mga hitang nagtatapos sa mga unguladong paa at isang maliit, nasusungayang ulo sa hangganan ng maliit na leeg.",May anyong pangkaraniwan sa pamilyang kinabibilangan nito ang Bubalus mindorensis.
Ano ang naging resulta sa mga babaeng pilipino?,"Naging matagumpay ang mga babaeng Pilipino sa pagpapatupad ng mga patakaran sa pamamagitan ng pagiging mga kasaping tagapagpatupad, mga tagapagpayo sa mga politiko, at bilang mga tagapagtaguyod at tagapagtangkilik sa loob ng mga samahang hindi kaugnay ng pamahalaan.",Naging matagumpay ang mga babaeng Pilipino
Saan gawa ng keso?,"Ang keso ay pagkaing gawa mula sa kinultang gatas ng baka, kalabaw, kambing, tupa at iba pang mamalya. Ang pagkukulta ay mula sa paghahalo ng kuwaho at pagpapaasim ng gatas. Ang bakterya ang nagpapaasim sa gatas at nagbibigay ng lasa at anyo sa karamihan ng keso. May ilang keso ang sadyang binabalutan o pinaluluoban ng piniling amag.","gatas ng baka, kalabaw, kambing, tupa at iba pang mamalya"
Bakit marami ang may gusto sa maputing balat?,"Karamihan sa mga kayumanging balat ay hindi basta basta nasususnog,pero mas marami gustong maging maputi sa kadahilan na ang kulay puti ay mas pabor sa karamihan.",kadahilan na ang kulay puti ay mas pabor sa karamihan.
Ano ang pinagbabawal gawin sa tamaraw?,"Maraming batas sa Pilipinas ang pinatupad at mga organisasyon ay ginawa upang tumulong sa konserbasyon ng mga uri. Ang Pagpapatupad Komonwelt bilang 73 noong 1936 ay pinatupad ng Komowelt ng Pilipinas. Ang akto ay nagbabawal sa pagpatay, pagsugat o pangagaso ng tamaraw maliban na lang kung inatake o dahil sa pang-agham na pagaaral. Ang parusa ay pagkakulong at pagbayad ng mabigat na multa.","Ang akto ay nagbabawal sa pagpatay, pagsugat o pangagaso"
Bakit malala ang trapiko sa lansangan?,"Malala ang trapiko sa langasan dahil sa mga tricyles ,jeepneys, at sa walang disiplinang mga nagmamaneho.","dahil sa mga tricyles ,jeepneys, at sa walang disiplinang mga nagmamaneho."
Ilang araw ang tagal ng pagpasa ng tikhang?,"Ang pagpasa, na may tikhang Paglalakbay ng Kalawili, ay inaasahang tatagal sa loob ng 130 araw at binubuhat ang sulo 137,000 km (85,000 mi)—ang pinakamahabang layo ng anumang pagpasa ng sulong Olimpiko mula't sapul nagsimula ang nakaugalian sa Palarong Berlin 1936.", sa loob ng 130 araw
Ano ang trabaho ng mga kababaihan?,"May gampanin sa pagpapasiyang pangmag-anak ang mga pangmakabagong-panahong mga kababaihan Pilipino. Sila ang nangangasiwa ng pananalapi, gumaganap bilang mga tagapangaral na pampananampalataya, at maaari ring maghanda at makipagkasundo hinggil sa mga pagpapakasal ng mga anak na lalaki at babae, na may pagpupunyagi upang mapainam ang mga ugnayang dinastiko ng mag-anak.","nangangasiwa ng pananalapi, gumaganap bilang mga tagapangaral na pampananampalataya"
Kailan pinatungan ng opisyal na Korona?,"Siya ay opisyal na pinutungan ng korona noong 6 Nobyembre 2008, sa buwan ng lalaking Daga (tahaklaw) (lupang daga), sa maharlikang palasyo sa Thimphu (o Timpu). Ang marangyang koronasyon ay binubuo ng sinauna at makulay na rituwal, dinaluhan ng mga libong dayuhang dignitaryo, kabilang ang Pangulo ng Indiya Pratibha Patil, Sonia Gandhi, Ministro ng Ugnayang Panlabas Pranab Mukherjee at mga sikat na artistang hollywood.",ng korona noong 6 Nobyembre 2008
Bakit palaging nakatago ang tamaraw?,"Bilang isang bihira at endemikong mamalya na nasa isang pulong tila nahihiwalay at malayo, hindi gaanong malaki ang gawaing pagaaral at pagtatala hinggil sa ekolohiya ng tamaraw. Malaking dahilan nito ang katotohanang palatago at mahiyain sa tao ang mga indibidwal na kasapi ng uri.",mahiyain sa tao
Sino ang nagsapit ng Katolisismo?,"Noong kapanahunan ng pagkakolonya ng Pilipinas, inilagak ng mga Kastila ang mga Pilipina sa isang pampangalawang katayuan sa lipunan, habang niluluwalhati at itinatakda ang Birheng Maria bilang huwaran ng mga Pilipinong babae. Ang pagsapit ng mga Kastila at Katolisismo ang siya ring nagtakda ng tungkulin ng mga katutubong kababaihang Pilipino sa simbahan, sa kumbento, at sa tahanan.",Ang pagsapit ng mga Kastila
Ano pook matatagpuan ang tamaraw?,"Pagdating ng 1966, naging tatlong pook na lamang ang nasasakupan ng tamaraw: Bundok Iglit, Bundok Calavite at iba pang mga lugar na malapit sa Pamayanang Penal ng Sablayon. Noong 2000, mas lalong nabawasan ang kanilang nasasakupan sa dalawang pook: ang mga Liwasang Pambansa ng Bundok Iglit-Baco at Aruyan.","Bundok Iglit, Bundok Calavite"
Ano ang pwesto ng mga kalalakihan?,"Sa nasasakupan ng hanapbuhayan sa kalakhang kalunsuran, pangkalahatang binibigyan ng trabaho ng mga kompanya at negosyo ang mga kababaihan para sa mas murang bayad at mababang mga tungkulin. Karaniwan, kinukuha ang mga lalaki para ilagay sa puwestong propesyunal at ang mga kababaihan para sa mga posisyong pangsekretarya, bagaman magkapantay sa antas ng pinag-aralan. Hindi lamang tatanggap ng mababang sahod ang Pilipina, kundi may dagdag na mga gampaning pangkalihim.",para ilagay sa puwestong propesyunal
"Sa kasalukuyan, sino  ang nag aaral sa paaralan?","Noong mga panahong ito, puro lamang interno, mga mag-aaral na pinapag-aral ng kanilang tagapagtaguyod, at namamalagi sa SABV, ang nag-aaral dito. Hindi tulad sa kasalukuyan, halos galing lahat sa labas ang mag-aaral ng paaralan.",halos galing lahat sa labas
Ano ang timbang ng bawat isa keso mula Liguria?,"Tumitimbang ng libong libra bawat isa ang mga kesong mula sa Liguria at karatig nito na gawa sa gatas ng tupa. Ang keso mula sa kambing ay bagong lasa sa Roma at pinauusukan para hindi maglasang gamot na katulad ng keso ng Gaul. Sa mga keso mula sa ibang dagat, paborito ni Pliny ang keso mula Bitania sa Asya Menor.",Tumitimbang ng libong libra 
Sino ang nagbasbas ng gusali noong 1985?,"Nagsimula ang pagtatayo ng mga gusali nito noong 1985, at noong Marso 2, 1985, binasbasan ito ng yumaong obispo ng Imus na si Felix Perez ang haligi ng unang gusali.",si Felix Perez ang haligi ng unang gusali
Ano ang pamagat ng bersiyon popular?,Lumitaw ang marauding bersiyon sa tagalog ng titik ng himno. Ang titik sa salitang Tagalog ay opisyal na isinalin noong panahon ng pananakop ng Jopon sa Filipinas. Ang bersiyon naging popular ay “O Sintang Lupa”. ,Ang bersiyon naging popular ay “O Sintang Lupa”. 
Sino ang naglikha ng medalya sa Olimpiko 2008?,Ang medalya na igagawad sa mga nagwagi sa Palarong Olimpiko 2008 ng Beijing ay pambihira sapagka't ang likod ng mga medalya ay may singsing ng ihada bilang sagisag ng pambansang kultura. Ang disenyo ay nilikha ni Propesor Hang Hai na inandukha ng Lupon ng Pagsasaayos ng Palarong Olimpiko 2008.,Ang disenyo ay nilikha ni Propesor Hang Hai
Ano ang palayaw ng istadyum ng Palarong Olimpiko sa Beijing?,"Ang puso ng Palarong Olimpiko 2008 ay nasa Pambansang Istadyum ng Beijing na may palayaw na ""Pugad ng Ibon"" dahil sa anyong pugad ng gusali. Nagsimulang itayo ang istadyum noong 24 Disyembre 2003.","""Pugad ng Ibon"""
Ano ang alkimiya?,"Ang alkimiya ay isang Nilayon nitong i-purify, i-mature, at i-perfect ang ilang m pilosopiko at protosiyentipikong kaugalian na kinasanayan sa buong Europa, Ehipto, at Asya. ga bagay.","nitong i-purify, i-mature, at i-perfect ang ilang m pilosopiko at protosiyentipikong kaugalian na kinasanayan sa buong Europa, Ehipto, at Asya. ga bagay."
Ano ang kayarian ng panlipunan?,"Ang kayariang panlipunan ng Pilipinas bago maging kolonya ay nagbibigay ng pantay na pagpapahalaga sa kahanayang maka-ina at maka-ama. Dahil sa pamamaraang ito, napagkalooban ang mga kababaihang Pilipino ng higit na kapangyarihan sa loob ng isang angkan.",nagbibigay ng pantay na pagpapahalaga sa kahanayang maka-ina at maka-ama
Saan nagtayo ng permanenteng tirahan?,"Nagtayo ng mga permanenteng paninirahan sa Cebu kasabay ng ekspedisyon ni Miguel López de Legazpi noong 1565, at marami pang mga paninirahan ang itinatag pa-hilaga hanggang sa maabot ng mga kolonyalista ang Look ng Maynila sa pulo ng Luzon.",sa Cebu kasabay ng ekspedisyon
Ano ang dating pangalan ng paliparan himpapawid ng Pilipinas?,"Ang dating pangalan  ng paliparan himpapawid ng pilipinas ay tinatawag na Manila International Airport, sa kasalukuyan ito ay Ninoy Aquino International Airport, pinalitan ito dahil dito binaril at namatay si Ninoy Aquino.",tinatawag na Manila International Airport
Sino ang pinakamahalagang artista sa sining sa Pilipinas?,Si Fernando Cueto Amorsolo ay isa sa mga pinakamahalagang artista ng sining sa Pilipinas. Si Amorsolo ay pintor ng mga larawan ng mga tao at tanawing pambaryo ng Pilipinas.,Si Fernando Cueto Amorsolo ay isa sa mga pinakamahalagang artista ng sining sa Pilipinas
Ano ang katangian ng keso?,"Magaan, siksik at naitatago ng matagal kaysa sa gatas kung saan ito nanggaling. Ang mga magkekeso ay nananahan sa pusod ng mga bakahan upang makinabang sa mura at sariwang gatas gayundin sa mababang gastos sa transportasyon nito.","Magaan, siksik at naitatago"
Sino ang kumalat ng paraan ng paggawa ng keso?,"Ikinalat ng Roma ang isang paraan nang paggawa ng keso sa halos buong Europa at ipinakilala ito sa mga lugar na walang kasaysayan nito. Nang papalubog ang Roma at bumabagsak ang malalayong kalakalan, lalong dumami ang klase ng keso kung saan maraming bayan ang naglunsad ng kani-kanilang kakaibang tradisyon sa paggawa ng keso.",Ikinalat ng Roma ang isang paraan 
Saan pinanganak si Amorsolo?,"Kilala siya sa kaniyang pagiging malikhain at pagkadalubhasa sa paggamit ng liwanag sa aspeto ng sining. Ipinanganak sa Paco, Maynila, nakatapos siya ng pag-aaral mula sa Paaralang Pansining ng Liseo ng Maynila noong 1909.","Ipinanganak sa Paco, Maynila"
Ano ang pinakamadaling gawin?,"Ang pinakamadali ay ang pagbibilang ng ganap na halaga ng mga piyesa ng magkabiláng panig. Ang mga puntong ginagamit ay ayon sa karanasan; ang mga kawal ay pamilang, mga kabalyero at obispo ay tigtatlong puntos, mga tore ay limang puntos (ang pagkakaiba sa puntos sa pagitan ng isang tore at isang obispo ay kilala bilang ang palitan), at mga reyna na may siyam na puntos.",pagbibilang ng ganap na halaga ng mga piyesa ng magkabiláng panig
Ano ang naibibigaw ng pinta ni Amorsolo?,"Sa simula ng dekada ng 1930, malawakang naitanghal ang mga gawa ni Amorsolo sa loob ng Pilipinas at maging sa ibang mga bansa. Ang mga larawan niyang nagbibigay ng diwa ng pag-asa at makakabukiran ang nagsimula sa takbo at gawi ng mga pintahin sa Pilipinas bago dumating ang Ikalawang Digmaang Pandaigdig.",diwa ng pag-asa at makakabukiran
Ilan ang kapasidad ng gusali?,"Ang gusali ay may kakayahang magpaupo ng 17,000 katao sa panahon ng laro na magbabawas sa 6,000 pagkatapos. Ito ay may kabuuang lawak na 65,000 at magsasaklaw ng kabuuan ng 7.8 akre (32,000 metrong parisukat)."," ng 17,000 katao"
Ano ang trabaho ng pinsan ng kanilang ina?,"Pagkaraang mamamatay ng kaniyang ama, lumipat si Amorsolo at ang kaniyang pamilya sa Maynila upang manirahan kasama ni Don Fabian de la Rosa, ang pinsan ng kaniyang ina at isang pintor sa Pilipinas.",at isang pintor sa Pilipinas
Ano ang katangian ng ibang keso?,"Kahit na sa mga lipunang may mahabang tradisyon sa keso, hindi karaniwang makatagpo ng tao na magsasabi na ang keso – lalo nang yaong may matatapang na amoy o napupuno ng amag tulad ng Limburger o Roquefort — di-malinamnam, di-masarap kainin o nakakasuklam.",may matatapang na amoy
Ano ang kadalasan nangyayari sa mga mahilig kumanta?,Karamihan sa mga mahilig kumanta ay sumasali sa patimpalak sa iba’t ibang panig ng mundo. Kadalasan ay naging matagumpay at naging kilala sila sa larangan ng pag aawit.,Kadalasan ay naging matagumpay at naging kilala sila sa larangan ng pag aawit.
Ano ang maskot ng Beijing 2008?,"Ang limang Fuwa ay mga maskot ng Beijing 2008, kumakatawan ang bawat isa kapwa sa isang kulay ng mga Singsing ng Olimpiko at bilang isang sagisag ng kalinangang Tsino. Tinatawag ng sawikaing pang-Olimpiko, ang Isang Daigidig, Isang Pangarap, ang sandaigdigan upang magkaisa sa kaluluwa ng Olimpiko.",Ang limang Fuwa ay mga maskot ng Beijing 2008
Ano ang hindi pinahihintulutan?,"Sa mga pamayanang rural, hindi pa rin pinapahintulutan ang mga Pilipina na maging masyadong liberal. Kailangan pa rin nilang impitin at itago ang kanilang mga katangian at seksuwalidad, at dapat na magpakita ng buong kawalan ng kagustuhan sa pakikisalamuha sa mga lalaki upang mapanatili ang reputasyon at paggalang sa sarili.",ang mga Pilipina na maging masyadong liberal
Ano ang hindi mainam at nakasirang gawain?,"Alinsunod sa kalinangan, tinatanaw ang paghihiwalay ng mag-asawa sa pamamagitan ng diborsiyo bilang isang hindi mainam at nakasisirang gawain sa Pilipinas, dahil sa isang kaugalian na nagbabanggit at nagbibigay diin na ang mag-anak ang pinakagitnang antas ng lipunan, natatangi na para sa asawang babaeng Pilipino.",ng diborsiyo bilang isang hindi mainam
Ano ang isa sa layunin ng dalubhasa sa kompyuter?,"Isa sa mga layunin ng mga naunang dalubhasa sa kompyuter ang paglikha ng makinang nakapaglalaro ng ahedres, ang pangkasalukuyang larong ahederes ay lubhang naimpluho ng mga kakayahan ng mga pangsangayong programa ng ahedres at ng kakayahan ng pakikipaglaro sa Internet.",paglikha ng makinang nakapaglalaro ng ahedres
Bakit sinasabi na marumi ang politika?,"Pangunahing dahil ito sa itinuturing na marumi ang pakikilahok sa politika, at dahil sa nakaugaliang diwa na nagsasabing hindi maaaring magkaroon ng mga tungkulin ang mga babae na mas mataas kesa sa kanilang mga asawang lalaki. Ngunit nagbabago rin ang ideyang kabilang lamang ang mga babae sa tahanan, sa simbahan, o sa kumbento.",dahil sa nakaugaliang diwa na nagsasabing hindi maaaring magkaroon ng mga tungkulin ang mga babae na mas mataas kesa sa kanilang mga asawang lalaki
Kailan nagsimula ang dalawang organisasyon?,"Simula noong ika-20 siglo, dalawang organisasyong pang-internasyunal, ang Pederasyong Pandaigdig ng Ahedres at ang Pederasyon ng Ugnayang Pang-internasyunal na Pang-ahedres ang nagtatag at namahala sa mga pangunahing paligsahan sa ahdres at mga titulong pang-internasyonal.",Simula noong ika-20 siglo
Ano ang hugis ng sungay sa pinakapuno?,"Mga lapad na kapatagan ang mga sungay at tatlusok ang hugis sa pinakapuno. Dahil sa palagian pagkiskis, may gasgas ang panlabas na anyo ang mga sungay ng tamaraw ngunit may magaspang na panloob na mga gilid. Sinasabing may habang mga 35.5 hanggang 51.0 sentimetro ang mga sungay.",Mga lapad na kapatagan ang mga sungay at tatlusok ang hugis sa pinakapuno.
Nakatanggap ba ng rekomendasyon si garcia?,Sinabi rin ni Garcia na walang anumang recommendation letter na natatanggap ang kanyang tanggapan para sa paglalagay ng vaccination centers para sa mga botante sa araw ng halalan.,Sinabi rin ni Garcia na walang anumang recommendation letter na natatanggap 
Saan makikita nag mga larawan?,"At pareho pa rin namang makikita ang mga photo nila sa kanilang mga Instagram. Kumbaga, walang burahan, na isa pa nga sa ginagamit na basehan ng mga ‘marites’ kapag hiwalay na ang magdyowa.",sa kanilang mga Instagram
Ano ang dahilan kung bakit malaki ang populasyon ng bansang Pilipinas?,"Maraming dahilan kung bakit  malaki ang populasyon ng bansang Pilipinas,isa na dito ang walang birth control at dahil sa paniniwala na ang mga anak ay biyaya mula sa panginoon.",walang birth control at dahil sa paniniwala na ang mga anak ay biyaya mula sa panginoon.
Paano ginagawa ang keso?,Maaaring nagsimula ang paggawa ng keso upang maitago ang maasim at kultadong gatas sa pamamagitan ng pagpiga at pag-aasin nito kung saan ang kuwaho ay idinagdag sa dakong huli at mapansing ang kesong sinamahan ng tiyan ng hayop ay mas matigas at maganda ang pagkakulta.,ng pagpiga at pag-aasin
Saan inihahambing ang mga kababaiyahan?,"Dito sa balangkas na ito - na may kayariang pangkahanayan, pagkakaiba-ibang antas sa lipunan, kadahilanang makapananampalataya, at pamumuhay sa isang umuunlad na bansa ng mundo - nakikibaka ang mga kababaihang Pilipino. Kung ihahambing sa ibang mga bahagi ng Timog-silangang Asya, palagiang nakakatamasa ng mas malaking antas ng kapantayang makabatas ang mga kababaihang nasa lipunan ng Pilipinas.",ibang mga bahagi ng Timog-silangang Asya
Anu ano ang pangalan ng limang Fuwa?,"Ang Fuwa bawat ay may kanilang pangunahing kulay, isa sa mga kulay ng limang Singsing ng Olimpiko. Ang mga limang Fuwa ay nagngangalang Beibei, Jingjing, Huanhuan, Yingying, at Nini.","Beibei, Jingjing, Huanhuan, Yingying, at Nini"
Ano ang magkatulad na sa palantandaan?,Katulad ng sa Anoa Bubalus depressicornis ang mga palatandaang ito. Magkatulad ng kulay ang mukha at katawan. Karamihan sa mga kasapi ng sari ang mayroon magkatambal na mga abuhing-puting guhit na nagsisimula mula sa panloob na sulok ng mata hanggang sa mga sungay. May maitim na balat ang ilong at mga labi. ,Magkatulad ng kulay ang mukha at katawan
Anu-ano ang ang kasangkapan ng pinakbit?,"Maraming uri ng pagkain ang matitikman sa bansang Pilipinas. Subalit Pinakbit ang pina masarap sa lahat. Ito ay may kasangkapan na talong,sitaw,kamatis,okra,kalabasa, baboy, at bawang.","Ito ay may kasangkapan na talong,sitaw,kamatis,okra,kalabasa, baboy, at bawang."
Kailan nagsimula ang rebolusyon?,"Nagsimula ang rebolusyon laban sa Espanya noong Abril ng 1896, na pagkaraan ng dalawang taon ay humantong sa proklamasyon ng kalayaan at ang pagtatatag ng Unang Republika ng Pilipinas. Ngunit ang Kasunduan sa Paris, na naganap sa katapusan ng Digmaang Espanyol-Amerikano, ay naglipat ng pamamahala sa Pilipinas sa Estados Unidos. ",sa Espanya noong Abril ng 1896
Anong ang pinaka importanting parti ng laro?,"Kapag ang hari ay nasa tuwirang pag-atake ng mga kalaban, masasabing ito ay nasa ilalim ng paglusob. Pag nasa ganitong sitwasyon, ang mga tírang makakaalis lang ng paglusob ang hahayaan. Ang bawat manlalaro ay 'di maaring gumalaw sa paraang mahuhúli ng kalaban nang agaran ang hari.",Kapag ang hari ay nasa tuwirang
"Ano ang dapat gawin para maging malinis,malusog ang ating katawan?","Ang pag iinom ng maraming tubig, pagkain ng masustansya at tamang tulog ay nakakatulong para maging malinis, malusog ang ating kawatan.","Ang pag iinom ng maraming tubig, pagkain ng masustansya at tamang tulog"
Ang bawat piyesa ang may kanyang kanya ano?,Ang bawat piyesa ay may kani-kaniyang estilo sa paggalaw. Ang mga ekis sa mga parisukat ay nagpapakita na maaring pumunta doon ang isang piyesa kapag walang ibang umookupa sa pagitan ng panggagalingan at pupuntahan ng piyesa.,may kani-kaniyang estilo sa paggalaw
Ano ang pikamabagal sa lahat ng piyesa?,"Isa pang mahalagang isipin sa pagsasaliksik sa mga posisyon ay ang pagkakaayos ng mga kawal. Dahil ang mga kawal ay ang pinakamabagal sa lahat ng mga piyesa, ang pagkakaayos ng mga ito ay hindi kadalasang nagagalaw at nakaka-impluwensiya sa stratehikong kalagayan ng posisyon.",Dahil ang mga kawal
Saan nilalaro ang ahedres?,"Ang ahedres ay nilalaro sa isang parisukat na tablang mayroong walong pahalang (na may numerong 1 hanggang 8) at walong pababang mga linya (na may letrang a hanggang h) ng mga kuwadrado. Ang kulay ng animnapu't-apat na kuwadrado ay salit-salitan at tinatawag na ""maputing kuwadrado"" at ""maitim na kuwadrado"".", isang parisukat na tablang mayroong walong pahalang (na may numerong 1 hanggang 8) at walong pababang mga linya (na may letrang a hanggang h) ng mga kuwadrado
Ano ang pamagat ng tula ni Jose Palma?, Ang tula ni Jose Palma ay ipinamagat na “Filipinas”. Inilathala ito sa unang anibersaryo ng La Independencia noon Setyembre 1899.,Ang tula ni Jose Palma ay ipinamagat na “Filipinas”
Ano ang trabaho ng tatay?,"Noong 1912, nagtapos siya ng may mga karangalan mula sa Paaralang Furuwatari, at pumasok sa Nagoya Daigo Chugaku (mataas na paaralang Zuiryo ngayon), isang magkasanib na mataas na paaralang pang-junior at senior. Gusto ng tatay ni Sugiharang sundin nito ang mga yapak niya bílang isang manggagámot, ngunit sinadyang ibagsak ni Sugihara ang sarili mula sa pagsusulit para makapasok sa paaralang mangmedisina sa pamamagitan ng pagsulat lamang ng kaniyang pangalan sa mga papel ng pagsusulit.",mga yapak niya bílang isang manggagámot
Bakit nanganganib ang Tamaraw?,"Ang tamaraw ay nangaganib dahil sa endemiko at bihirang panlupang mammal ito. Sa ngayon, ito ay nakalista bilang labis na nanganganib na uri mula pa noong taong 2000 sa Pulang Listahan ng IUCN ng nangaganib na uri. Ang pagkakaalam ng konserbasyon ng pangagalaga ng Bubalus mindorensis ay nagmula pa noong 1965 kung saang inuri ito bilang Status inadequately known ng IUCN.",Ang tamaraw ay nangaganib dahil sa endemiko at bihirang panlupang mammal ito
Au ano ang dalawang wika kanyang pinag aralan?,"Sa halip, nagpatalâ siya sa Pamantasang Waseda noong 1918 at nagkaroon ng degri sa panitikang Ingles. Noong 1919, pumasa siya sa pagsusulit ng pang-iskolar ng Ministeryo ng Ugnayang Panlabas. Kinuha siya ng Ministeryo ng Ugnayang Panlabas ng Hapon at itinalaga siya sa Harbin, Tsina, kung saan nag-aral din siya ng mga wikang Ruso at Aleman, at naging isang dalubhasa sa pakikipag-ugnayang pang-Ruso sa kalaunan.",ng mga wikang Ruso at Aleman
Anu ano ang katangian ng mga ita?,"Ita ang tawag sa mga ninuno ng mga tao sa bansang Pilipinas. Ito ay may katangian na kulot ang buhok, maitim ang kulay at pandak.","Ito ay may katangian na kulot ang buhok, maitim ang kulay at pandak."
Kailan ipinagbabawal ang pagbinta ng tamaraw?,"Noong 2001, pinatupad ang Republic Act 9147 o Wildlife Resources Conservation and Protection Act na nagbabawal ng pagbenta at pangagaso ng mga tamaraw at iba pang mga edimikong uri. Nagtayo ng isang gene pool noong dekada '70 upang maparami ang dami ng mga tamaraw. Sa ngayon ay si Kali at ang nanay nitong si ""Mimi"" na lamang ang natitira sa proyektong ito.",Noong 2001
Saan lumaki si Amorsolo?,"Isinilang si Fernando Amorsolo noong 30 Mayo 1892 sa Paco, Maynila kina Pedro Amorsolo, isang tenedor de libro, at Bonifacia Cueto. Lumaki si Amorsolo sa Daet, Camarines Norte, kung saan nakapag-aral siya sa isang paaralang pampubliko at tinuruang bumasa at sumulat ng wikang Kastila sa bahay.","Amorsolo sa Daet, Camarines Norte"
Ilang araw ang nabubuhay ang tamaraw?,Nalalaman na ang tamaraw ay nabubuhay ng hanggang 300 araw lamang matapos ipagdalang-hayop sa loop ng sinapupunan. Mayroong dalawang taong pagitan sa bawat pagluluwal bagaman napagmasdang ang isang babaeng tamaraw na may tatlong batang mga supling. Namumuhay na kasama ng kaniyang ina ang batang baka sa loob ng mga 2-4 taon at namumuhay nang mag-isa pagkatapos.,ng hanggang 300 araw 
Gaano kahaba ang buntot ng Bubalus Mindorensis?,Maliit lamang ang pagkakaroon ng dimorpismong sekswal sa uri bagaman naipahayag na may makakapal na mga leeg ang mga lalaki. May karaniwang taas na 100 hanggang 105 sentimetro ang balikat ng tamaraw. 220 sentimetro ang haba ng katawan habang 60 sentimetro ang buntot.,220 sentimetro ang haba ng katawan habang 60 sentimetro ang buntot.
Ano dapat gawin para makatulong sa sambayanan?,Gumawa ng kabutihan at pagtulong sa kapwa ay walang bayad at malaki ang tulong sa buong sambayanan. Ugaliing maging mabuti at patas ang pananaw at trato sa bawat isa.,Gumawa ng kabutihan at pagtulong sa kapwa
Ano antas ang nagpapakita ng pagrugrupo?,Ang tamaraw ay isang mapag-isang hayop at hindi tulad ng kalabaw. Ang mga matatandang miyembro ay hindi napapabilang sa mga malalaki o maliliit na grupo at nakikita lamang na mag-isa. Ang mga bata o juvenile lamang ang nagpapakita ng ugaling nakikita sa mga kalabaw tulad ng pagrugrupo at hiyararkiya.,Ang mga bata o juvenile lamang
Ano ang hugis ng mga sungay ng tamaraw?,"Salungat sa karaniwang paniniwala at nakaraang klasipikasyon, hindi sub-uri ang tamaraw ng kalabaw, na mas malaki lamang ng kaunti. May mga ilang pagkakaiba ito sa kalabaw: ang tamaraw ay mas mabuhok ng kaunti, may mga maliwanag na marka sa kanyang mukha at may mas maikling mga sungay na parang titik V.",maikling mga sungay na parang titik V
Ano ang ginagawa sa mga dumadayo sa fiesta ng ati atihan?,Maraming mga fiesta ang pinagdiriwang sa ibat ibang panig ng bansa. Pero ati - atihan ang pinakasikat sa lahat dahil ito ay makulay at lahat ng mga dumadayo ay pinupunasan ng uling para maging maitim ang kulay ng buong katawan.,dumadayo ay pinupunasan ng uling para maging maitim ang kulay ng buong katawan.
Sino ang nagpasa ng Batas Komomwelt Blg 120?,"Itinatag ang NAPOCOR noong 3 Nobyembre 1936 sa pamamagitan ng Batas Komonwelt Blg. 120 na ipinasa ni Pangulong Manuel L. Quezon. Isinabansa ng batas ang industriyang hidroelektriko at inilaan ukol sa gamit ng NAPOCOR, lahat ng mga batis, mga lawa at mga bukal sa Pilipinas kung saan makakalikha ng kuryente, na napapailalim sa mga umiiral na karapatan.",Pangulong Manuel L. Quezon. 
Kailan nadeklarang Republika ang Filipinas?,Ang musika ng Pambansang Awit ng Filipinas ay nilikha ni Julian Felipe. Ang original na pamagat ay “Marcha Filipina Magdalo” at ipinalit ito at ginawang “Marcha Nacional Filipina. Ginamit ito sa okasyon ng pagdedeklara ng Unang Republika ng Filipinas noon 12 Hunyo 1898.,Unang Republika ng Filipinas noon 12 Hunyo 1898.
Saan nagsisimula ang pagpasa ng sulo?,"Nagsimula ang pagpasa ng sulo noong 24 Marso 2008, sa Olimpiya, Gresya. Mula roon, naglakbay ito sa Gresya patungong Istadyum ng Panathinaiko sa Atenas, at sumunod sa Beijing, na dumating noong Marso 31. Nakarating ang apoy sa tuktok ng Bundok Everest sa isang 108 km (67 mi) lansangan na nag-iiskala ang gilid na Tibet ng bundok lalo na naitayo para sa pagpasa. Ang $19.7 angaw na proyektong aspalto at lumawak mula Kundado ng Tingri ng Prepektura ng Xigazê sa Base Kampo ng Everest.","sa Olimpiya, Gresya"
Saan unang naitala ang tamaraw?,"Unang naitala ang tamaraw noong 1888 sa pulo ng Mindoro. Bago sumapit ang 1900, walang naninirahan sa Mindoro dahil sa malaria. Subalit nang malikha ang mga gamot laban sa malaria, mas maraming mga mamamayan ang nanirahan sa pulo. Lubhang nakapagpababa sa bilang ng mga tamaraw ang pagtaas na gawaing ito ng mga tao.",Unang naitala ang tamaraw noong 1888 sa pulo ng Mindoro.
Ano ang pwesto ng mga kababaihan?,"Subalit, ang mga pangkasalukuyang gawi sa pamamahala ng mga tauhan sa kompanya at negosyo ang nagbigaydaan sa pagkakaroon ng pagkakapantay-pantay. Matutunghayan na ito ngayon sa pagkakaroon ng maraming mga babaeng humahawak ng mga matataas na mga puwesto sa malalaki at maliliit na mga samahan. Marami na ring mga kababaihang may mga katungkulang pangtagapamahala at tagapangasiwa sa mga bangko, pamahalaan, at maging sa mga kompanyang multinasyonal.",humahawak ng mga matataas na mga puwesto
Ano ang disenyo ng Olimpikong sulo ay batay saan?,"Ang disenyo ng Olimpikong sulo ay batay sa mga nakaugaliang kalatas at gumagamit ng nakaugaliang disenyong Tsino na kinikilalang ""Mga Kaaya-ayang Alapaap"". Dinisenyo ang sulo upang mapanatili ang pagliyab ng apoy sa 65 kilometro bawat oras na hangin, at sa ulan ng hanggang sa 50 milimetro bawat oras.","na kinikilalang ""Mga Kaaya-ayang Alapaap"""
Ilan ang sukat ng tamaraw sa loob ng 20 kilometrong parisukat?,"Bilang karagdagan, ang mga maliliit na bilang ng subpopulasyon ng uri, na manipis na ang pagkakakalat sa kabuoan ng nahahating mga nasasakupan (noong 1986, may natagpuang mga 51 indibidwal sa loob ng isang 20 kilometrong-parisukat na pook), ang nakapagpapahirap at nakapagpapabihira pa sa maaaring pagkakatagpo ng higit man sa isang nag-iisang indibidwal.",51 indibidwal sa loob ng isang 20 kilometrong-parisukat na pook
Sino ang sumulat ng titik ng Pambansang Awit ng Filipinas?,Ang musika ay nasa batayang kompas na 2/4 at nasa tunugang C Mayor. Ang titik naman ng Pambansang Awit ng Filipinas ay nagsimula billing sang tula sa Espanyol. Isinulat ito ni Jose Palma.,Isinulat ito ni Jose Palma.
Bakit itinayo ang Rogationist Academy?,"Natapos ang paggawa ng mga gusali dalawang taon matapos ang simula nito. At noong Mayo, 1987, itinayo ang Rogationist Academy (Akademyang Rogasyonista) o RA sa SABV bilang isang paaralang Katolikong tumatanggap ng mga mag-aaral ng alin mang kasarian mula sa una hanggang ikaapat na antas.",RA sa SABV bilang isang paaralang Katolikong tumatanggap ng mga mag-aaral ng alin mang kasarian mula sa una hanggang ikaapat na antas
Ilang pook ang pagdarausan na gagamitin?,Itinaguyod ng pamahalaang Tsino ang Palaro upang maging mamukod-tangi at namuhunan nang lubos sa mga bagong pasilidad at mga sistemang pantransportasyon. May kabuoang 37 pook na pagdarausan ang gagamitin para pasinayahan ang mga ebento kabilang ang 12 bagong-tayong mga pook.,May kabuoang 37 pook
Ang Rogationist Academy ay isang paaralang ano?,"Natapos ang paggawa ng mga gusali dalawang taon matapos ang simula nito. At noong Mayo, 1987, itinayo ang Rogationist Academy o RA sa SABV bilang isang paaralang Katolikong tumatanggap ng mga mag-aaral ng alin mang kasarian mula sa una hanggang ikaapat na antas.",sa SABV bilang isang paaralang Katolikong tumatanggap
Ilang taon nag sasama ang babae at lalaki?,Ang mga babae at lalaking tamaraw ay nagsasama sa buoung taon ngunit ang pagsasamang ito ay tumatagal lamang ng kaunting oras lamang. Maaring ang pag-iisang ito ay isang kasanayan na sa magubat nitong tahanan.,kaunting oras lamang
Ano ang nilalahukan ng alak?,"Ang mga keso ay kinakain ng hilaw, luto, mag-isa or kalahok ng ibang rekado. Karamihan ng keso ang natutunaw at nangingitim kapag iniinit. Ilan ay natutunaw nang makinis at walang pamumuo kapag may kasamang asido at gawgaw. Ang cheese fondue na nilalahukan ng alak at nagbibigay asim ay isang halimbawa ng pagkaing keso na makinis kapag natunaw.",Ang cheese fondue na nilalahukan
Ilang minuto ang dapat gawin bawat araw para humaba ang buhay?,"Ayon sa pananaliksik, ang pag hehersisyo ng 30 minuto bawat araw ay nakakatulong para humaba ang buhay ng isang tao.",30 minuto
Kailan nagsimula ang Kasaysayan ng Pilipinas?,"Nagsimula ang Kasaysayan ng Pilipinas nang dumating ang mga sinaunang tao sa Pilipinas sa pamamagitan ng mga tulay na lupa 67,000 taon na ang nakalilipas. Ang unang tala na pagbisita na mula sa Kanluran ay ang pagdating ni Ferdinand Magellan sa pulo ng Homonhon, sa timog-silangan ng Samar noong ika-16 Marso 1521.","na lupa 67,000 taon na ang nakalilipas"
Bakit ipinagbabawal ang pagbinta ng bahagi ng tamaraw?,"Noong Mayo 2007, ang Bubalus mindorensis ay nasa Appendix I na ng Convention on International Trade in Endangered Species kung saan ang uri ay nilista pa noong 7 Enero 1975. Sinasabi sa listahan na ang uri ay lubhang nanganganib at maari nang mawala. Dahil dito, ang internasyonal na pagbebenta ng bahagi ng tamaraw tulad ng karne at sungay ay ilegal na.",ang uri ay lubhang nanganganib at maari nang mawala.
Ano ang hilig gawin ng tamaraw?,Mahilig magtampisaw ang tamaraw sa putik tulad ng ibang bovine. Sinasabing ang ugaling ito ay gingamit upang matanggal ang mga nangagagat na kulisap.,Mahilig magtampisaw ang tamaraw sa putik tulad
Anu ano ang sinaunang mamayan ng Pilipinas?,"Mga Negrito, Indones at Malay ang mga sinaunang mamamayan ng Pilipinas. Naganap pa ang iba pang migrasyon sa pamamagitan ng pagbiyahe sa tubig at nangyari sa loob ng ilang libong taon.","Mga Negrito, Indones at Malay ang mga sinaunang mamamayan"
Sino ang pinakabatang monarko at puno ng estado?,Si Jigme Khesar Namgyel Wangchuck ay ang ikalimang Haring Dragon ng Bhutan at puno ng Angkan ng Wangchuck (dinastiyang Wangchuck). Siya ay kasalukuyang pinakabatang monarka at puno ng estado.,Jigme Khesar Namgyel Wangchuck ay ang ikalimang Haring Dragon
Kailan nakatanggap ng pagkakilala mula sa Republika ng Pillipinas ang paaralan?,"At noong Hunyo 1990, nakatanggap ng pagkilala mula sa Republika ng Pilipinas ang paaralan. Noong 1991, naganap ang unang pagpapatapos ng Rogationist Academy na binubuo ng 66 na mag-aaral; mga interno ang 25 doon.",At noong Hunyo 1990
Saan nilipat ang kaganapan ang larong polong pantubig?,"Ang mga kaganapang paglalangoy, pagtalong-sisid at sabayang paglalangoy ay gaganapin sa Pambansang Sentro ng Akwatika ng Beijing sa panahon ng Olimpiyada. Ang kaganapang polong pantubig ay likas na gaganapin sa lugar na ito subali't lumipat sa Natatoryum na Ying Tung.",sa Natatoryum na Ying Tung
Ilan ang panlalaro ang kumuha ng double digit?,"Subalit hindi ito naging dahilan upang panghinaan ng loob ang Altas, bagkus ay bumanat ang limang manlalaro nito ng double digit scoring upang pagtulungan na muling maibalik ang Altas sa Final Four matapos ang Season 94.",ang limang manlalaro
Sa aeral rural ano ang pag aari ng babae?,"Sa mga areang rural, pag-aari ng tahanan ang babaeng Pilipino. Lumalapit sa kaniya ang mga bata para humingi ng salapi at tulong. Siya ang ingat-yaman ng mag-anak. Pinangangalagaan niya ang mga pangangailangang pampaaralan ng mga bata. Para sa mga hindi kasapi ng mag-anak na nangangailangan ng kalinga, ang asawang babae ang taong dapat lapitan.",ng tahanan ang babaeng Pilipino
Sino ang nakatuklas ng keso?,"Hindi alam kung kailan eksaktong sinimulan ang paggawa ng keso na tinatayang halos 8000 BCE (nang sinasabing masupil ang tupa) hanggang halos 3000 BCE. Sinasabing ang pagkakatuklas nito ay mula sa mga tribo at nomadikong Turko ng Gitnang Asya at halos kasabay ng panahon nang madebelop nila ang yogurt, o kaya’y mula sa mga pamayanan ang Gitnang Silangan.",at nomadikong Turko ng Gitnang Asya
Sino ang ang naginf diktadura?,"munlad ang ekonomiya ng Pilipinas noong dekada 1950 at 1960, ngunit nagkaroon ng kaguluhan noong mga huling taon ng dekada 1960 at mga unang taon ng dekada 1970 laban sa mapang-aping diktadura ni Pangulong Ferdinand Marcos na nagpahayag ng batas militar noong 1972.",Pangulong Ferdinand Marcos na nagpahayag
Ano ang pinapahalagahan ng lipunan?,"Pinahahalagahan ng lipunan noong bago sumapit ang kolonyalismo, na walang kinikilingang kasarian. Kasinghalaga ng mga lalaking anak ang mga babaeng anak, maaring dahil ito sa kalalabasang kaugnay ng pangkabuhayan, na makakatanggap ng handog na halaga mula sa mga manliligaw o maaaring maging asawang lalaki at sa kanilang kakayahang makatulong sa mga gawaing pangkabuhayan, panlipunan, at pampolitika ng mag-anak.",na walang kinikilingang kasarian
